{
 "modularity": [
  0,
  0,
  1,
  2,
  3,
  1,
  0,
  1,
  2,
  3,
  3,
  1,
  1,
  3,
  1,
  1,
  1,
  1,
  2,
  2,
  0,
  0,
  3,
  0,
  0,
  3,
  1,
  1,
  2,
  1,
  1,
  3,
  3,
  1,
  2,
  1,
  1,
  4,
  2,
  1,
  1,
  0,
  0,
  4,
  2,
  0
 ],
 "ncut": [
  0,
  0,
  1,
  0,
  0,
  1,
  0,
  1,
  0,
  0,
  1,
  1,
  1,
  0,
  1,
  1,
  1,
  1,
  0,
  0,
  0,
  0,
  0,
  0,
  0,
  0,
  1,
  1,
  0,
  1,
  1,
  0,
  1,
  1,
  0,
  1,
  1,
  1,
  0,
  1,
  1,
  0,
  0,
  1,
  0,
  0
 ],
 "cond": [
  0,
  0,
  1,
  0,
  0,
  1,
  0,
  1,
  0,
  0,
  1,
  1,
  1,
  0,
  1,
  1,
  1,
  1,
  0,
  0,
  0,
  0,
  0,
  0,
  0,
  0,
  1,
  1,
  0,
  1,
  1,
  0,
  1,
  1,
  0,
  1,
  1,
  1,
  0,
  1,
  1,
  0,
  0,
  1,
  0,
  0
 ],
 "spectral": [
  0,
  0,
  1,
  0,
  0,
  1,
  0,
  1,
  0,
  0,
  1,
  1,
  1,
  0,
  1,
  1,
  1,
  1,
  0,
  0,
  0,
  0,
  0,
  0,
  0,
  0,
  1,
  1,
  0,
  1,
  1,
  0,
  1,
  1,
  0,
  1,
  1,
  1,
  0,
  1,
  1,
  0,
  0,
  1,
  0,
  0
 ],
 "xy": [
  [
   -2.905028511076412,
   -2.5887725549168064,
   1.9026488695860588,
   2.497958167920274,
   -1.0608041812812312,
   2.35770990227163,
   -3.4776162765587144,
   0.46055549078971947,
   2.9755731894488924,
   0.38973797875064853,
   1.0044783138991376,
   3.503101067602218,
   2.0740334059661136,
   0.9703100682852402,
   1.3530169199018494,
   2.0566897365226446,
   3.007026004180495,
   1.1296348440695507,
   3.722343546339721,
   3.441463024357953,
   -3.81430629560909,
   -4.438645864756427,
   -0.4882518810818858,
   -2.238410883350817,
   -4.320645314416101,
   -0.020277126078775506,
   2.3958699201540696,
   3.9007682820607132,
   3.1635538201113724,
   0.7173705905015284,
   1.2870117989090495,
   0.07234384229289838,
   0.4860024624846316,
   2.81857603974658,
   2.061076633663674,
   1.3715600121006384,
   3.0885677196433194,
   3.754172576742923,
   2.0206507427470815,
   3.650815746679351,
   0.5437542450733334,
   -3.8189153932449855,
   -3.978175620078172,
   4.856175148923936,
   4.02615911590596,
   -3.4254891938734753
  ],
  [
   8.84022098332274,
   7.524040829087007,
   -4.014545668453978,
   7.644024284895212,
   5.817991654449954,
   -4.5136955743815,
   8.1812896971744,
   -2.850441416300158,
   9.451210677920932,
   5.323791761367923,
   1.841991072032998,
   -2.247217462043503,
   -2.8606705316200585,
   3.576327557477826,
   -2.2444552712351333,
   -4.892378088829031,
   -2.003655268611175,
   -3.3854763961735883,
   8.633074815503551,
   7.697723978938567,
   8.748666215233092,
   8.354782471686365,
   4.839303707214877,
   9.118754772089313,
   7.582683268319005,
   4.467396244159939,
   -1.838509234200757,
   -3.7712244350456454,
   8.155023037820381,
   -4.410344442344219,
   -4.591431427073313,
   3.9930041268368,
   3.533785707953992,
   -3.9534991167084113,
   7.115467988052504,
   -6.104221025722515,
   -2.9979283964044727,
   -4.952870254056855,
   8.422521301672644,
   -3.1476077416969157,
   -3.8783945314562356,
   7.226072385127969,
   7.883071374732383,
   -6.375935368276836,
   8.159810585757961,
   9.154244054215958
  ]
 ]
}
