{
 "modularity": [
  0,
  0,
  1,
  2,
  2,
  1,
  3,
  1,
  2,
  2,
  2,
  1,
  1,
  2,
  1,
  1,
  1,
  1,
  2,
  2,
  0,
  0,
  2,
  0,
  0,
  2,
  1,
  1,
  2,
  1,
  1,
  2,
  2,
  1,
  2,
  1,
  1,
  1,
  2,
  1,
  1,
  3,
  0,
  1,
  2,
  0
 ],
 "ncut": [
  0,
  0,
  1,
  0,
  0,
  1,
  0,
  1,
  0,
  0,
  0,
  1,
  1,
  0,
  1,
  1,
  1,
  1,
  0,
  0,
  0,
  0,
  0,
  0,
  0,
  0,
  1,
  1,
  0,
  1,
  1,
  0,
  0,
  1,
  0,
  1,
  1,
  1,
  0,
  1,
  1,
  0,
  0,
  1,
  0,
  0
 ],
 "cond": [
  0,
  0,
  1,
  0,
  0,
  1,
  0,
  1,
  0,
  0,
  0,
  1,
  1,
  0,
  1,
  1,
  1,
  1,
  0,
  0,
  0,
  0,
  0,
  0,
  0,
  0,
  1,
  1,
  0,
  1,
  1,
  0,
  0,
  1,
  0,
  1,
  1,
  1,
  0,
  1,
  1,
  0,
  0,
  1,
  0,
  0
 ],
 "spectral": [
  0,
  0,
  1,
  0,
  0,
  1,
  0,
  1,
  0,
  0,
  0,
  1,
  1,
  0,
  1,
  1,
  1,
  1,
  0,
  0,
  0,
  0,
  0,
  0,
  0,
  0,
  1,
  1,
  0,
  1,
  1,
  0,
  0,
  1,
  0,
  1,
  1,
  1,
  0,
  1,
  1,
  0,
  0,
  1,
  0,
  0
 ],
 "xy": [
  [
   -9.330590341697897,
   -3.0230012662952768,
   -16.459048485855856,
   16.328616802079203,
   2.4054833971696623,
   -13.701180721920833,
   4.570585488540042,
   -34.935093005911014,
   11.079944243380181,
   4.699198562815326,
   -4.509401967298242,
   -24.308649124454238,
   -23.563627247073473,
   12.364570323834968,
   -29.344746313861457,
   -20.148619017852724,
   -31.954746889408494,
   -29.436909475787147,
   22.463615638141437,
   18.392347913401338,
   -4.677830204390911,
   -7.81099412332655,
   2.665884746550714,
   -10.912377674015627,
   -11.478071404114337,
   6.441582860334028,
   -27.490118685618533,
   -23.51117182574333,
   16.846414865614204,
   -24.310413894822478,
   -33.55876469275613,
   -0.4529045450184267,
   5.019926642896103,
   -18.6327143963515,
   11.757537198312475,
   -13.135592999554008,
   -24.708986168584325,
   -27.391834948489453,
   20.055575162077258,
   -35.46297460498727,
   -17.45131341416536,
   5.600249901826282,
   -0.4861784062917823,
   -31.722165428020606,
   23.090614486200394,
   -13.712130386466304
  ],
  [
   26.961827822545025,
   24.20301413407727,
   -12.052370756891222,
   -2.257015057352769,
   16.84456811012715,
   -19.31492714743047,
   29.831745550407426,
   -9.522202119601522,
   -6.280950671368665,
   7.110563678835956,
   -4.220575113660581,
   -2.902345991353641,
   -12.322661870912983,
   12.673330239117634,
   -21.730016624517184,
   -17.369124660925007,
   -15.519767117980702,
   -4.578404572316716,
   -9.673833022110319,
   -10.166615572132393,
   30.94156590932158,
   33.53420915901893,
   -1.0885130441992874,
   22.03992343736892,
   30.691117339410294,
   -2.1353987025233523,
   -17.818717280315713,
   -25.18450447771998,
   -6.861797671767825,
   -21.102547893901907,
   -3.586633253709395,
   10.65194252157998,
   -7.068508540867717,
   -6.169518103103485,
   0.4315163496361597,
   -25.255067531617513,
   -8.657256897941059,
   -0.08424641639552326,
   3.1568329495058736,
   -15.02716733460389,
   -22.836011053406132,
   26.060941364569743,
   32.99346853356452,
   2.320160677935215,
   -6.11746009953431,
   26.917145976590618
  ]
 ]
}
