{
 "modularity": [
  0,
  0,
  1,
  2,
  3,
  1,
  0,
  1,
  2,
  3,
  3,
  1,
  1,
  3,
  1,
  1,
  1,
  1,
  2,
  2,
  0,
  0,
  3,
  0,
  0,
  3,
  1,
  1,
  2,
  1,
  1,
  3,
  3,
  1,
  2,
  1,
  1,
  4,
  2,
  1,
  1,
  0,
  0,
  4,
  2,
  0
 ],
 "ncut": [
  0,
  0,
  1,
  0,
  0,
  1,
  0,
  1,
  0,
  0,
  1,
  1,
  1,
  0,
  1,
  1,
  1,
  1,
  0,
  0,
  0,
  0,
  0,
  0,
  0,
  0,
  1,
  1,
  0,
  1,
  1,
  0,
  1,
  1,
  0,
  1,
  1,
  1,
  0,
  1,
  1,
  0,
  0,
  1,
  0,
  0
 ],
 "cond": [
  0,
  0,
  1,
  0,
  0,
  1,
  0,
  1,
  0,
  0,
  1,
  1,
  1,
  0,
  1,
  1,
  1,
  1,
  0,
  0,
  0,
  0,
  0,
  0,
  0,
  0,
  1,
  1,
  0,
  1,
  1,
  0,
  1,
  1,
  0,
  1,
  1,
  1,
  0,
  1,
  1,
  0,
  0,
  1,
  0,
  0
 ],
 "spectral": [
  0,
  0,
  1,
  0,
  0,
  1,
  0,
  1,
  0,
  0,
  1,
  1,
  1,
  0,
  1,
  1,
  1,
  1,
  0,
  0,
  0,
  0,
  0,
  0,
  0,
  0,
  1,
  1,
  0,
  1,
  1,
  0,
  1,
  1,
  0,
  1,
  1,
  1,
  0,
  1,
  1,
  0,
  0,
  1,
  0,
  0
 ],
 "xy": [
  [
   -7.391073335733903,
   0.7896453176023135,
   -12.49191566741243,
   26.89574271093797,
   6.651967835321053,
   -7.071766530286357,
   -4.044501227960439,
   -19.691451291175348,
   32.267379496123574,
   11.83760650702703,
   2.3650232753670575,
   -19.921911833907302,
   -11.255178767874252,
   5.820705837648687,
   -21.09723042319886,
   -8.094361502776723,
   -16.39685617187883,
   -15.013853272851655,
   34.46218414854238,
   31.24390610186532,
   -2.565079261366184,
   5.47214222995145,
   15.398974050676172,
   -9.050336694551957,
   3.6535123749005907,
   15.009106827235708,
   -21.883700218526464,
   -4.2985474398632775,
   30.373319994295098,
   -0.5289266051867715,
   -4.926121735922579,
   8.354133601861697,
   9.906838685377183,
   -11.797716179942977,
   23.151637163981917,
   -1.9546140116684498,
   -11.98997372251173,
   -22.134727759719276,
   25.676851689584122,
   -17.388105435636454,
   -1.686458793823423,
   0.3031241029734315,
   0.11161225952925227,
   -29.237598613468574,
   35.31661488861828,
   -8.046335651463307
  ],
  [
   31.21667125344301,
   29.54632232081864,
   -19.064157022661796,
   9.726311656734858,
   21.592852249582876,
   -14.736308538871079,
   37.22771292637112,
   -17.024709763732638,
   17.119585998592314,
   14.727455476495667,
   4.772885974811077,
   -3.736167001221794,
   -8.84845002844291,
   9.817176843217744,
   -12.142703019494743,
   -19.681856644354337,
   -1.1622059602947434,
   -16.63085965642155,
   3.809418996360369,
   8.107164607517625,
   32.905012868160334,
   33.52736455606281,
   18.230680178821725,
   26.993925756846746,
   37.631143091485065,
   12.45960341179005,
   -6.312692304880178,
   -3.7461693459826555,
   4.445729577324881,
   -15.412738855706122,
   -17.641146413052084,
   13.49887520968042,
   8.213521820881041,
   -12.878351630228252,
   7.901407057531715,
   -25.288511323058074,
   -3.9637434823116946,
   2.0651618667458846,
   1.4118821067258043,
   -8.598368269278259,
   -11.458800057686425,
   40.285754808137796,
   36.739423610220825,
   8.493675015579294,
   7.904209549869031,
   35.26173390177059
  ]
 ]
}
