{
 "modularity": [
  0,
  0,
  1,
  2,
  2,
  1,
  3,
  1,
  2,
  2,
  2,
  1,
  1,
  2,
  1,
  1,
  1,
  1,
  2,
  2,
  0,
  0,
  2,
  0,
  0,
  2,
  1,
  1,
  2,
  1,
  1,
  2,
  2,
  1,
  2,
  1,
  1,
  1,
  2,
  1,
  1,
  3,
  0,
  1,
  2,
  0
 ],
 "ncut": [
  0,
  0,
  1,
  0,
  0,
  1,
  0,
  1,
  0,
  0,
  0,
  1,
  1,
  0,
  1,
  1,
  1,
  1,
  0,
  0,
  0,
  0,
  0,
  0,
  0,
  0,
  1,
  1,
  0,
  1,
  1,
  0,
  0,
  1,
  0,
  1,
  1,
  1,
  0,
  1,
  1,
  0,
  0,
  1,
  0,
  0
 ],
 "cond": [
  0,
  0,
  1,
  0,
  0,
  1,
  0,
  1,
  0,
  0,
  0,
  1,
  1,
  0,
  1,
  1,
  1,
  1,
  0,
  0,
  0,
  0,
  0,
  0,
  0,
  0,
  1,
  1,
  0,
  1,
  1,
  0,
  0,
  1,
  0,
  1,
  1,
  1,
  0,
  1,
  1,
  0,
  0,
  1,
  0,
  0
 ],
 "spectral": [
  0,
  0,
  1,
  0,
  0,
  1,
  0,
  1,
  0,
  0,
  0,
  1,
  1,
  0,
  1,
  1,
  1,
  1,
  0,
  0,
  0,
  0,
  0,
  0,
  0,
  0,
  1,
  1,
  0,
  1,
  1,
  0,
  0,
  1,
  0,
  1,
  1,
  1,
  0,
  1,
  1,
  0,
  0,
  1,
  0,
  0
 ],
 "xy": [
  [
   -4.554971528518425,
   -3.3351803005416265,
   3.914558457643705,
   1.945424542300311,
   -1.9239820955676994,
   3.246982796611412,
   -2.866110584857558,
   1.4951277092991662,
   2.11539058249579,
   -0.19571211934272176,
   1.684320857730146,
   5.08998673263801,
   3.3503975001012156,
   -1.4730973647010532,
   2.097825353428148,
   3.167714807387465,
   3.21069434353083,
   4.973316132446438,
   2.9510405916126436,
   3.0646862035282836,
   -4.80457536370856,
   -5.234078135603605,
   0.9713777981012586,
   -4.026645273217224,
   -5.081127658083718,
   1.4625393616297546,
   2.8224009983056204,
   1.8513210818989543,
   2.717580164118401,
   2.3420837019714495,
   5.40411367340865,
   -0.738016079016444,
   2.0028758284974675,
   4.591987408166385,
   1.3061080708536705,
   2.7766855051321566,
   4.229492974567716,
   5.263606210581727,
   1.4710683505784463,
   3.9331582936248473,
   2.486752130966898,
   -3.3983155632369484,
   -4.394962442130589,
   6.142843245572048,
   3.4100166520924624,
   -4.636329646415702
  ],
  [
   7.213460567122578,
   6.944586867514815,
   -4.977654029401669,
   5.525388392377292,
   5.768631019474324,
   -5.512045142919843,
   8.45382097513629,
   -3.9801251637626756,
   4.361553822083544,
   4.498534413912419,
   1.3363928487335803,
   -4.320792860357476,
   -3.25826596578102,
   3.9426371349609175,
   -3.6461516972556303,
   -4.787665625052113,
   -2.4815182030955785,
   -3.742502538715308,
   6.423249238333322,
   5.602946970973327,
   7.984683620958345,
   7.45280093885511,
   3.1026229423141243,
   7.842065582917132,
   6.767091697659548,
   3.563001409757755,
   -3.640051557115956,
   -2.672798154132945,
   5.191348848514692,
   -4.42687227234334,
   -3.3437704751549444,
   5.571350517434649,
   3.136697214732044,
   -4.869500481079335,
   4.793185606055185,
   -6.351797374061511,
   -4.223457486277131,
   -2.8414599187927636,
   6.294902901883776,
   -2.068207286821558,
   -5.317915819580014,
   8.729668644025816,
   8.576136981749972,
   -3.7923932708414356,
   6.149069071899033,
   6.357501071772167
  ]
 ]
}
